name,gender,age,sexuality,openness,conscientiousness,extraversion,agreeableness,neuroticism,pets,sports,workout,travel,outdoors,smoking,relationshiptype, facebookfriends, prevrelationships
Patrick Wolf,female,18,heterosexual,0.019272173929506864,0.7535778186142107,0.40110953709090624,0.7782742510690922,0.9872810727814938,0,no,0,frequent,indoor,occasional,closed,876,1
Austin Fletcher,female,18,heterosexual,0.15877435148259644,0.873201540648888,0.3239671485373842,0.981618172476514,0.7669643997514131,2,no,1,none,outdoor,heavy,closed,251,4
Karen Nelson,female,34,heterosexual,0.5402666949233376,0.33829518687722027,0.7340125101254495,0.23061434707760098,0.9860584606442571,3,yes,2,frequent,outdoor,occasional,closed,389,1
Brittany Wade,female,19,gay,0.16336624256929377,0.659645724756158,0.9980510416174031,0.5727895567079395,0.8077115384760946,1,no,4,occasional,outdoor,nonsmoker,closed,801,1
Frank Mcclure,male,28,heterosexual,0.6004294736738917,0.7696139827028111,0.28088855650686606,0.6142027279320212,0.18607220187974827,4,yes,1,occasional,outdoor,occasional,closed,563,3
